Index,Customer Id,First Name,Last Name,Company,City,Country,Phone 1,Phone 2,Email,Subscription Date,Website
1,dE014d010c7ab0T,Andrew,Goodman,Stewart-Larry,Rowlandchester,Chile,770-536-6429,068-121-7290,andrew.goodman@stewart-larry.com,2021-07-16,http://www.stewart-larry.com
2,2B54172c8b65eC3,Alvin,Lane,Terry-Haux,Dianaville,China,675.247.9866,134.421.3932,alvin.lane@terry-haux.com,2020-03-05,http://www.terry-haux.com
3,d794Cd48987dBA4,Jenna,Harding,Bailey Group,Marmaduke,Solomon Islands,077.561.4284,541.346.7725,jenna.harding@baileygroup.biz,2020-09-24,http://www.baileygroup.biz
4,3b26569c730B244,Ocie,Graves,Herrera-Lawn,Bridgeton,United States,347.886.6432,604.426.1738,ocie.graves@herrera-lawn.org,2020-11-20,http://www.herrera-lawn.org
5,85295c524021765,Mark,Horton,Mcmillan PLC,Calahad,Italy,134-807-6395,038-518-2453,mark.horton@mcmillanplc.org,2021-01-20,http://www.mcmillanplc.org
6,38D95bA44810014,Peter,Fleming,Lawson and Sons,St. Petersburg,United States,619.625.3223,562.775.4608,peter.fleming@lawsonandsons.com,2021-04-12,http://www.lawsonandsons.com
7,A61575836F9C229,Shelby,Manning,Cantu-Cantu,Laurel,United States,532.723.1550,223.385.7335,shelby.manning@cantu-cantu.org,2021-11-28,http://www.cantu-cantu.org
8,a3449c25367683C,Priscilla,Vazquez,Nunez-Mullins,Goodlettsville,United States,239.522.6186,218.421.6881,priscilla.vazquez@nunez-mullins.com,2020-08-11,http://www.nunez-mullins.com
9,C6e38634e32039c,Joseph,Odom,Chang Inc,South Andrew,India,714-368-2339,235-513-3386,joseph.odom@changinc.com,2021-01-14,http://www.changinc.com
10,5b750531230C8d6,Teresa,Duran,Carrillo LLC,East Michaelside,United States,824.288.6234,402.735.6171,teresa.duran@carrillollc.net,2020-02-17,http://www.carrillollc.net
11,d6e156488D9a159,Sarah,Gomez,Velasquez-Guzman,Pattersonfort,United States,805-427-4228,702-866-1530,sarah.gomez@velasquez-guzman.org,2021-02-09,http://www.velasquez-guzman.org
12,02720d2077B6D88,Brandon,Tran,Dillon-Hansen,New Ashley,United States,608-577-4428,212-323-8022,brandon.tran@dillon-hansen.org,2021-08-25,http://www.dillon-hansen.org
13,858485239e930C1,Daniel,Carter,Ramirez Inc,West Victoriabury,United States,209.351.4886,312.336.5292,daniel.carter@ramirezinc.com,2020-11-14,http://www.ramirezinc.com
14,97893110255307d,Carolyn,Blepp,Blepp-Blepp,Beaver Island,United States,231-448-6666,231-448-3333,carolyn.blepp@blepp-blepp.net,2020-05-02,http://www.blepp-blepp.net
15,d652D325605786C,David,Lucas,Sanford-Sanford,Sutton,United States,508.421.3533,203.352.6821,david.lucas@sanford-sanford.net,2021-07-28,http://www.sanford-sanford.net
16,3d820bE92837f83,Katelyn,Ramos,Hamilton-Ewing,West Barbara,United States,904-762-2826,813-863-7443,katelyn.ramos@hamilton-ewing.org,2020-04-20,http://www.hamilton-ewing.org
17,73D488432326779,Jennifer,Cisneros,Glass-Yoder,Port James,United States,206.315.6882,509.663.2682,jennifer.cisneros@glass-yoder.com,2020-12-05,http://www.glass-yoder.com
18,C62C04D40718520,Robert,Weber,Weber Inc,North Matthew,United States,253.328.7771,206.273.4442,robert.weber@weberinc.net,2021-01-22,http://www.weberinc.net
19,0585671B2030018,John,Beard,Beard Group,Lake Crystal,United States,612.445.6621,651.291.5532,john.beard@beardgroup.org,2021-03-15,http://www.beardgroup.org
20,c43555B25870020,Michael,Zimmerman,Zimmerman-Zimmerman,North Michael,United States,320.221.7885,218.442.9936,michael.zimmerman@zimmerman-zimmerman.com,2020-06-18,http://www.zimmerman-zimmerman.com
21,F33842183884841,Jessica,Brown,Brown-Brown,South Jessica,United States,406.882.1154,406.443.2265,jessica.brown@brown-brown.net,2020-09-09,http://www.brown-brown.net
22,810145244186153,William,Davis,Davis PLC,West William,United States,307.332.6651,307.771.8842,william.davis@davisplc.org,2021-12-11,http://www.davisplc.org
23,178783422002220,Elizabeth,Miller,Miller and Sons,East Elizabeth,United States,701.222.3341,701.333.4452,elizabeth.miller@millerandsons.com,2021-05-25,http://www.millerandsons.com
24,D45466855225550,James,Wilson,Wilson-Wilson,Port James,United States,605.221.7784,605.332.8895,james.wilson@wilson-wilson.net,2020-07-07,http://www.wilson-wilson.net
25,B88111266336660,Barbara,Moore,Moore Group,Lake Barbara,United States,907.221.5541,907.332.6652,barbara.moore@mooregroup.org,2020-10-30,http://www.mooregroup.org
26,dE014d010c7ab0T,Andrew,Goodman,Stewart-Larry,Rowlandchester,Chile,770-536-6429,068-121-7290,andrew.goodman@stewart-larry.com,2021-07-16,http://www.stewart-larry.com
27,2B54172c8b65eC3,Alvin,Lane,Terry-Haux,Dianaville,China,675.247.9866,134.421.3932,alvin.lane@terry-haux.com,2020-03-05,http://www.terry-haux.com
28,d794Cd48987dBA4,Jenna,Harding,Bailey Group,Marmaduke,Solomon Islands,077.561.4284,541.346.7725,jenna.harding@baileygroup.biz,2020-09-24,http://www.baileygroup.biz
29,3b26569c730B244,Ocie,Graves,Herrera-Lawn,Bridgeton,United States,347.886.6432,604.426.1738,ocie.graves@herrera-lawn.org,2020-11-20,http://www.herrera-lawn.org
30,85295c524021765,Mark,Horton,Mcmillan PLC,Calahad,Italy,134-807-6395,038-518-2453,mark.horton@mcmillanplc.org,2021-01-20,http://www.mcmillanplc.org
31,38D95bA44810014,Peter,Fleming,Lawson and Sons,St. Petersburg,United States,619.625.3223,562.775.4608,peter.fleming@lawsonandsons.com,2021-04-12,http://www.lawsonandsons.com
32,A61575836F9C229,Shelby,Manning,Cantu-Cantu,Laurel,United States,532.723.1550,223.385.7335,shelby.manning@cantu-cantu.org,2021-11-28,http://www.cantu-cantu.org
33,a3449c25367683C,Priscilla,Vazquez,Nunez-Mullins,Goodlettsville,United States,239.522.6186,218.421.6881,priscilla.vazquez@nunez-mullins.com,2020-08-11,http://www.nunez-mullins.com
34,C6e38634e32039c,Joseph,Odom,Chang Inc,South Andrew,India,714-368-2339,235-513-3386,joseph.odom@changinc.com,2021-01-14,http://www.changinc.com
35,5b750531230C8d6,Teresa,Duran,Carrillo LLC,East Michaelside,United States,824.288.6234,402.735.6171,teresa.duran@carrillollc.net,2020-02-17,http://www.carrillollc.net
36,d6e156488D9a159,Sarah,Gomez,Velasquez-Guzman,Pattersonfort,United States,805-427-4228,702-866-1530,sarah.gomez@velasquez-guzman.org,2021-02-09,http://www.velasquez-guzman.org
37,02720d2077B6D88,Brandon,Tran,Dillon-Hansen,New Ashley,United States,608-577-4428,212-323-8022,brandon.tran@dillon-hansen.org,2021-08-25,http://www.dillon-hansen.org
38,858485239e930C1,Daniel,Carter,Ramirez Inc,West Victoriabury,United States,209.351.4886,312.336.5292,daniel.carter@ramirezinc.com,2020-11-14,http://www.ramirezinc.com
39,97893110255307d,Carolyn,Blepp,Blepp-Blepp,Beaver Island,United States,231-448-6666,231-448-3333,carolyn.blepp@blepp-blepp.net,2020-05-02,http://www.blepp-blepp.net
40,d652D325605786C,David,Lucas,Sanford-Sanford,Sutton,United States,508.421.3533,203.352.6821,david.lucas@sanford-sanford.net,2021-07-28,http://www.sanford-sanford.net
41,3d820bE92837f83,Katelyn,Ramos,Hamilton-Ewing,West Barbara,United States,904-762-2826,813-863-7443,katelyn.ramos@hamilton-ewing.org,2020-04-20,http://www.hamilton-ewing.org
42,73D488432326779,Jennifer,Cisneros,Glass-Yoder,Port James,United States,206.315.6882,509.663.2682,jennifer.cisneros@glass-yoder.com,2020-12-05,http://www.glass-yoder.com
43,C62C04D40718520,Robert,Weber,Weber Inc,North Matthew,United States,253.328.7771,206.273.4442,robert.weber@weberinc.net,2021-01-22,http://www.weberinc.net
44,0585671B2030018,John,Beard,Beard Group,Lake Crystal,United States,612.445.6621,651.291.5532,john.beard@beardgroup.org,2021-03-15,http://www.beardgroup.org
45,c43555B25870020,Michael,Zimmerman,Zimmerman-Zimmerman,North Michael,United States,320.221.7885,218.442.9936,michael.zimmerman@zimmerman-zimmerman.com,2020-06-18,http://www.zimmerman-zimmerman.com
46,F33842183884841,Jessica,Brown,Brown-Brown,South Jessica,United States,406.882.1154,406.443.2265,jessica.brown@brown-brown.net,2020-09-09,http://www.brown-brown.net
47,810145244186153,William,Davis,Davis PLC,West William,United States,307.332.6651,307.771.8842,william.davis@davisplc.org,2021-12-11,http://www.davisplc.org
48,178783422002220,Elizabeth,Miller,Miller and Sons,East Elizabeth,United States,701.222.3341,701.333.4452,elizabeth.miller@millerandsons.com,2021-05-25,http://www.millerandsons.com
49,D45466855225550,James,Wilson,Wilson-Wilson,Port James,United States,605.221.7784,605.332.8895,james.wilson@wilson-wilson.net,2020-07-07,http://www.wilson-wilson.net
50,B88111266336660,Barbara,Moore,Moore Group,Lake Barbara,United States,907.221.5541,907.332.6652,barbara.moore@mooregroup.org,2020-10-30,http://www.mooregroup.org
51,dE014d010c7ab0T,Andrew,Goodman,Stewart-Larry,Rowlandchester,Chile,770-536-6429,068-121-7290,andrew.goodman@stewart-larry.com,2021-07-16,http://www.stewart-larry.com
52,2B54172c8b65eC3,Alvin,Lane,Terry-Haux,Dianaville,China,675.247.9866,134.421.3932,alvin.lane@terry-haux.com,2020-03-05,http://www.terry-haux.com
53,d794Cd48987dBA4,Jenna,Harding,Bailey Group,Marmaduke,Solomon Islands,077.561.4284,541.346.7725,jenna.harding@baileygroup.biz,2020-09-24,http://www.baileygroup.biz
54,3b26569c730B244,Ocie,Graves,Herrera-Lawn,Bridgeton,United States,347.886.6432,604.426.1738,ocie.graves@herrera-lawn.org,2020-11-20,http://www.herrera-lawn.org
55,85295c524021765,Mark,Horton,Mcmillan PLC,Calahad,Italy,134-807-6395,038-518-2453,mark.horton@mcmillanplc.org,2021-01-20,http://www.mcmillanplc.org
56,38D95bA44810014,Peter,Fleming,Lawson and Sons,St. Petersburg,United States,619.625.3223,562.775.4608,peter.fleming@lawsonandsons.com,2021-04-12,http://www.lawsonandsons.com
57,A61575836F9C229,Shelby,Manning,Cantu-Cantu,Laurel,United States,532.723.1550,223.385.7335,shelby.manning@cantu-cantu.org,2021-11-28,http://www.cantu-cantu.org
58,a3449c25367683C,Priscilla,Vazquez,Nunez-Mullins,Goodlettsville,United States,239.522.6186,218.421.6881,priscilla.vazquez@nunez-mullins.com,2020-08-11,http://www.nunez-mullins.com
59,C6e38634e32039c,Joseph,Odom,Chang Inc,South Andrew,India,714-368-2339,235-513-3386,joseph.odom@changinc.com,2021-01-14,http://www.changinc.com
60,5b750531230C8d6,Teresa,Duran,Carrillo LLC,East Michaelside,United States,824.288.6234,402.735.6171,teresa.duran@carrillollc.net,2020-02-17,http://www.carrillollc.net
61,d6e156488D9a159,Sarah,Gomez,Velasquez-Guzman,Pattersonfort,United States,805-427-4228,702-866-1530,sarah.gomez@velasquez-guzman.org,2021-02-09,http://www.velasquez-guzman.org
62,02720d2077B6D88,Brandon,Tran,Dillon-Hansen,New Ashley,United States,608-577-4428,212-323-8022,brandon.tran@dillon-hansen.org,2021-08-25,http://www.dillon-hansen.org
63,858485239e930C1,Daniel,Carter,Ramirez Inc,West Victoriabury,United States,209.351.4886,312.336.5292,daniel.carter@ramirezinc.com,2020-11-14,http://www.ramirezinc.com
64,97893110255307d,Carolyn,Blepp,Blepp-Blepp,Beaver Island,United States,231-448-6666,231-448-3333,carolyn.blepp@blepp-blepp.net,2020-05-02,http://www.blepp-blepp.net
65,d652D325605786C,David,Lucas,Sanford-Sanford,Sutton,United States,508.421.3533,203.352.6821,david.lucas@sanford-sanford.net,2021-07-28,http://www.sanford-sanford.net
66,3d820bE92837f83,Katelyn,Ramos,Hamilton-Ewing,West Barbara,United States,904-762-2826,813-863-7443,katelyn.ramos@hamilton-ewing.org,2020-04-20,http://www.hamilton-ewing.org
67,73D488432326779,Jennifer,Cisneros,Glass-Yoder,Port James,United States,206.315.6882,509.663.2682,jennifer.cisneros@glass-yoder.com,2020-12-05,http://www.glass-yoder.com
68,C62C04D40718520,Robert,Weber,Weber Inc,North Matthew,United States,253.328.7771,206.273.4442,robert.weber@weberinc.net,2021-01-22,http://www.weberinc.net
69,0585671B2030018,John,Beard,Beard Group,Lake Crystal,United States,612.445.6621,651.291.5532,john.beard@beardgroup.org,2021-03-15,http://www.beardgroup.org
70,c43555B25870020,Michael,Zimmerman,Zimmerman-Zimmerman,North Michael,United States,320.221.7885,218.442.9936,michael.zimmerman@zimmerman-zimmerman.com,2020-06-18,http://www.zimmerman-zimmerman.com
71,F33842183884841,Jessica,Brown,Brown-Brown,South Jessica,United States,406.882.1154,406.443.2265,jessica.brown@brown-brown.net,2020-09-09,http://www.brown-brown.net
72,810145244186153,William,Davis,Davis PLC,West William,United States,307.332.6651,307.771.8842,william.davis@davisplc.org,2021-12-11,http://www.davisplc.org
73,178783422002220,Elizabeth,Miller,Miller and Sons,East Elizabeth,United States,701.222.3341,701.333.4452,elizabeth.miller@millerandsons.com,2021-05-25,http://www.millerandsons.com
74,D45466855225550,James,Wilson,Wilson-Wilson,Port James,United States,605.221.7784,605.332.8895,james.wilson@wilson-wilson.net,2020-07-07,http://www.wilson-wilson.net
75,B88111266336660,Barbara,Moore,Moore Group,Lake Barbara,United States,907.221.5541,907.332.6652,barbara.moore@mooregroup.org,2020-10-30,http://www.mooregroup.org
76,dE014d010c7ab0T,Andrew,Goodman,Stewart-Larry,Rowlandchester,Chile,770-536-6429,068-121-7290,andrew.goodman@stewart-larry.com,2021-07-16,http://www.stewart-larry.com
77,2B54172c8b65eC3,Alvin,Lane,Terry-Haux,Dianaville,China,675.247.9866,134.421.3932,alvin.lane@terry-haux.com,2020-03-05,http://www.terry-haux.com
78,d794Cd48987dBA4,Jenna,Harding,Bailey Group,Marmaduke,Solomon Islands,077.561.4284,541.346.7725,jenna.harding@baileygroup.biz,2020-09-24,http://www.baileygroup.biz
79,3b26569c730B244,Ocie,Graves,Herrera-Lawn,Bridgeton,United States,347.886.6432,604.426.1738,ocie.graves@herrera-lawn.org,2020-11-20,http://www.herrera-lawn.org
80,85295c524021765,Mark,Horton,Mcmillan PLC,Calahad,Italy,134-807-6395,038-518-2453,mark.horton@mcmillanplc.org,2021-01-20,http://www.mcmillanplc.org
81,38D95bA44810014,Peter,Fleming,Lawson and Sons,St. Petersburg,United States,619.625.3223,562.775.4608,peter.fleming@lawsonandsons.com,2021-04-12,http://www.lawsonandsons.com
82,A61575836F9C229,Shelby,Manning,Cantu-Cantu,Laurel,United States,532.723.1550,223.385.7335,shelby.manning@cantu-cantu.org,2021-11-28,http://www.cantu-cantu.org
83,a3449c25367683C,Priscilla,Vazquez,Nunez-Mullins,Goodlettsville,United States,239.522.6186,218.421.6881,priscilla.vazquez@nunez-mullins.com,2020-08-11,http://www.nunez-mullins.com
84,C6e38634e32039c,Joseph,Odom,Chang Inc,South Andrew,India,714-368-2339,235-513-3386,joseph.odom@changinc.com,2021-01-14,http://www.changinc.com
85,5b750531230C8d6,Teresa,Duran,Carrillo LLC,East Michaelside,United States,824.288.6234,402.735.6171,teresa.duran@carrillollc.net,2020-02-17,http://www.carrillollc.net
86,d6e156488D9a159,Sarah,Gomez,Velasquez-Guzman,Pattersonfort,United States,805-427-4228,702-866-1530,sarah.gomez@velasquez-guzman.org,2021-02-09,http://www.velasquez-guzman.org
87,02720d2077B6D88,Brandon,Tran,Dillon-Hansen,New Ashley,United States,608-577-4428,212-323-8022,brandon.tran@dillon-hansen.org,2021-08-25,http://www.dillon-hansen.org
88,858485239e930C1,Daniel,Carter,Ramirez Inc,West Victoriabury,United States,209.351.4886,312.336.5292,daniel.carter@ramirezinc.com,2020-11-14,http://www.ramirezinc.com
89,97893110255307d,Carolyn,Blepp,Blepp-Blepp,Beaver Island,United States,231-448-6666,231-448-3333,carolyn.blepp@blepp-blepp.net,2020-05-02,http://www.blepp-blepp.net
90,d652D325605786C,David,Lucas,Sanford-Sanford,Sutton,United States,508.421.3533,203.352.6821,david.lucas@sanford-sanford.net,2021-07-28,http://www.sanford-sanford.net
91,3d820bE92837f83,Katelyn,Ramos,Hamilton-Ewing,West Barbara,United States,904-762-2826,813-863-7443,katelyn.ramos@hamilton-ewing.org,2020-04-20,http://www.hamilton-ewing.org
92,73D488432326779,Jennifer,Cisneros,Glass-Yoder,Port James,United States,206.315.6882,509.663.2682,jennifer.cisneros@glass-yoder.com,2020-12-05,http://www.glass-yoder.com
93,C62C04D40718520,Robert,Weber,Weber Inc,North Matthew,United States,253.328.7771,206.273.4442,robert.weber@weberinc.net,2021-01-22,http://www.weberinc.net
94,0585671B2030018,John,Beard,Beard Group,Lake Crystal,United States,612.445.6621,651.291.5532,john.beard@beardgroup.org,2021-03-15,http://www.beardgroup.org
95,c43555B25870020,Michael,Zimmerman,Zimmerman-Zimmerman,North Michael,United States,320.221.7885,218.442.9936,michael.zimmerman@zimmerman-zimmerman.com,2020-06-18,http://www.zimmerman-zimmerman.com
96,F33842183884841,Jessica,Brown,Brown-Brown,South Jessica,United States,406.882.1154,406.443.2265,jessica.brown@brown-brown.net,2020-09-09,http://www.brown-brown.net
97,810145244186153,William,Davis,Davis PLC,West William,United States,307.332.6651,307.771.8842,william.davis@davisplc.org,2021-12-11,http://www.davisplc.org
98,178783422002220,Elizabeth,Miller,Miller and Sons,East Elizabeth,United States,701.222.3341,701.333.4452,elizabeth.miller@millerandsons.com,2021-05-25,http://www.millerandsons.com
99,D45466855225550,James,Wilson,Wilson-Wilson,Port James,United States,605.221.7784,605.332.8895,james.wilson@wilson-wilson.net,2020-07-07,http://www.wilson-wilson.net
100,B88111266336660,Barbara,Moore,Moore Group,Lake Barbara,United States,907.221.5541,907.332.6652,barbara.moore@mooregroup.org,2020-10-30,http://www.mooregroup.org